DFW-ORD,2022-06-29,2022-07-03,406
DFW-ORD,2022-06-29,2022-07-03,436
DFW-ORD,2022-06-29,2022-07-03,448
DFW-ORD,2022-06-29,2022-07-03,478
DFW-ORD,2022-06-29,2022-07-03,
DFW-ORD,2022-06-29,2022-07-03,
DFW-ORD,2022-06-29,2022-07-03,478
DFW-ORD,2022-06-29,2022-07-03,512
DFW-ORD,2022-06-29,2022-07-03,595
DFW-ORD,2022-07-22,2022-07-26,485
DFW-ORD,2022-07-22,2022-07-26,552
DFW-ORD,2022-07-22,2022-07-26,552
DFW-ORD,2022-07-22,2022-07-26,612
DFW-ORD,2022-07-22,2022-07-26,612
DFW-ORD,2022-07-22,2022-07-26,612
DFW-ORD,2022-07-22,2022-07-26,612
DFW-ORD,2022-07-22,2022-07-26,624
DFW-ORD,2022-07-22,2022-07-26,625
